INSERT INTO "preduzece"("id", "naziv","pib","sediste","opis")
VALUES(1,'NIS a.d.',123,'Novi Sad','Naftna industrija Srbije (NIS) srpska je naftna kompanija ');

INSERT INTO "preduzece"("id", "naziv","pib","sediste","opis")
VALUES(2,'Tarkett d.o.o.',856,'Backa Palanka','Bavi se izradom tepiha, podnih obloga i parketa. ');

INSERT INTO "preduzece"("id", "naziv","pib","sediste","opis")
VALUES(3,'Tigar Tyres d.o.o.',874,'Pirot','Fabrika Tigar je kompanija koja se bavi proizvodnjom automobilskih guma, obuƒáe i tehniƒçke gume.');

INSERT INTO "preduzece"("id", "naziv","pib","sediste","opis")
VALUES(4,'IM Matijeviƒá d.o.o.',214,'Novi Sad','Industrija mesa Matijeviƒá d.o.o. je kompanija za proizvodnju i promet mesa i mesnih preraƒëevina');

INSERT INTO "preduzece"("id", "naziv","pib","sediste","opis")
VALUES(5,'Sunoko d.o.o.',533,'Novi Sad','Sunoko d.o.o. je srpsko-nemaƒçka kompanija osnovana u Novom Sadu 2005. godine.');


INSERT INTO "preduzece"("id", "naziv","pib","sediste","opis")
VALUES(-100,'Test',533,'Test','Sunoko d.o.o. je srpsko-nemaËka kompanija osnovana u Novom Sadu 2005. godine.');

--obrazovanje
INSERT INTO "obrazovanje"("id", "naziv", "stepen_strucne_spreme", "opis")
VALUES(1,'Inzenjer','7/1', 'opis');
INSERT INTO "obrazovanje"("id", "naziv", "stepen_strucne_spreme", "opis")
VALUES(2,'Ekonomista','6/2', 'opis');
INSERT INTO "obrazovanje"("id", "naziv", "stepen_strucne_spreme", "opis")
VALUES(3,'Programer','8', 'opis');

INSERT INTO "obrazovanje"("id", "naziv", "stepen_strucne_spreme", "opis")
VALUES(-100,'Test test','8', 'opis');


--SEKTOR
INSERT INTO "sektor"("id", "naziv", "oznaka", "preduzece")
VALUES(1,'IT sektor', 'IT',1);
INSERT INTO "sektor"("id", "naziv", "oznaka", "preduzece")
VALUES(2,'Finansijski sektor', 'F',2);
INSERT INTO "sektor"("id", "naziv", "oznaka", "preduzece")
VALUES(3,'Mediji', 'M',5);

INSERT INTO "sektor"("id", "naziv", "oznaka", "preduzece")
VALUES(-100,'Test', 'M',5);



--radnik
INSERT INTO "radnik"("id", "ime","prezime","broj_lk","obrazovanje","sektor")
VALUES(1,'Marko','Markovic',2357,1,1);
INSERT INTO "radnik"("id", "ime","prezime","broj_lk","obrazovanje","sektor")
VALUES(2,'Iva','Ivanovic',1456,2,1);
INSERT INTO "radnik"("id", "ime","prezime","broj_lk","obrazovanje","sektor")
VALUES(3,'Pera','Peric',5632,3,3);

INSERT INTO "radnik"("id", "ime","prezime","broj_lk","obrazovanje","sektor")
VALUES(-100,'Test','Peric',5632,3,3);
